{
    "KgwdyTWvvik": {
        "isLiked": true,
        "emotion": "neutral",
        "listened_percentage": 0.008183780126273632,
        "time_spent": 4.9805028438568115
    },
    "S-aZgPalHco": {
        "isLiked": false,
        "emotion": "neutral",
        "listened_percentage": 0.14961858093738556,
        "time_spent": 28.48971390724182
    },
    "zFM9Jq31UEY": {
        "isLiked": false,
        "emotion": "neutral",
        "listened_percentage": 0.3530849516391754,
        "time_spent": 92.82090711593628
    }
}